CNN_Model,Xception_Model
0.8257575757575758,0.8333333333333334
