CNN_Model,CNN_Model,CNN_Model,CNN_Model,Xception_Model,Xception_Model,Xception_Model,Xception_Model
precision,recall,f1-score,support,precision,recall,f1-score,support
0.8510028653295129,0.825,0.8377997179125528,360.0,0.8591954022988506,0.8305555555555556,0.8446327683615821,360.0
0.797427652733119,0.8266666666666667,0.811783960720131,300.0,0.8044871794871795,0.8366666666666667,0.8202614379084967,300.0
0.8257575757575758,0.8257575757575758,0.8257575757575758,0.8257575757575758,0.8333333333333334,0.8333333333333334,0.8333333333333334,0.8333333333333334
0.8242152590313159,0.8258333333333333,0.8247918393163419,660.0,0.8318412908930151,0.8336111111111111,0.8324471031350393,660.0
0.8266504959675156,0.8257575757575758,0.8259743737341791,660.0,0.8343280282935456,0.8333333333333334,0.8335548908829069,660.0
